name,local name,homepage,Alternative names,image url,country,city,key subjects,key subject scores,institutions
Sapienza University of Rome,"Università degli Studi di Roma ""La Sapienza""",http://www.uniroma1.it/,"['Università degli Studi di Roma ""La Sapienza""']",https://upload.wikimedia.org/wikipedia/en/4/45/Sapienza_University_of_Rome.png,Italy,Rome,"['Biology', 'Medicine', 'Physics', 'Chemistry', 'Internal medicine', 'Mathematics', 'Computer science', 'Genetics', 'Engineering', 'Quantum mechanics', 'Biochemistry', 'Psychology', 'Pathology', 'Organic chemistry']","[63.3, 52.5, 46.9, 41.5, 37.5, 34.9, 33.3, 31.3, 31.1, 31.1, 28.1, 26.8, 24.7, 20.3]","['INFN Sezione di Roma I', 'Institute for Complex Systems', 'Institute of Molecular Biology and Pathology', 'Policlinico Umberto I']"
University of Bologna,Università di Bologna,http://www.unibo.it/en/homepage,[],https://upload.wikimedia.org/wikipedia/commons/d/d0/Seal_of_the_University_of_Bologna.svg,Italy,Bologna,"['Biology', 'Medicine', 'Physics', 'Chemistry', 'Computer science', 'Mathematics', 'Engineering', 'Internal medicine', 'Quantum mechanics', 'Genetics', 'Biochemistry', 'Organic chemistry', 'Psychology', 'Pathology', 'Materials science']","[62.1, 46.9, 46.3, 44.4, 35.9, 33.4, 32.6, 31.8, 30.6, 30.3, 29.8, 24.1, 21.4, 21.4, 20.9]","['INFN Sezione di Bologna', 'Policlinico S.Orsola-Malpighi']"
University of Padua,Università degli Studi di Padova,https://www.unipd.it/en/,['Università di Padova'],https://upload.wikimedia.org/wikipedia/en/d/db/University_of_Padua_seal.svg,Italy,Padova,"['Biology', 'Medicine', 'Physics', 'Chemistry', 'Internal medicine', 'Genetics', 'Mathematics', 'Computer science', 'Biochemistry', 'Engineering', 'Quantum mechanics', 'Pathology', 'Psychology', 'Organic chemistry']","[66.1, 54.3, 46.2, 45.0, 40.0, 34.1, 32.6, 32.2, 31.2, 30.0, 28.8, 25.3, 25.2, 23.3]","['INFN Sezione di Padova', 'INFN Sezione di Pavia']"
University of Milan,Università degli Studi di Milano,http://www.unimi.it/ENG/,['Statale'],https://upload.wikimedia.org/wikipedia/en/e/e4/University_of_Milan_logo.png,Italy,Milan,"['Biology', 'Medicine', 'Chemistry', 'Internal medicine', 'Genetics', 'Biochemistry', 'Physics', 'Pathology', 'Mathematics', 'Psychology', 'Organic chemistry', 'Computer science', 'Quantum mechanics', 'Endocrinology', 'Engineering']","[72.7, 62.5, 51.3, 47.4, 41.7, 39.7, 38.5, 28.5, 26.1, 25.7, 24.6, 24.0, 22.0, 21.8, 20.4]","['Centre for Multidisciplinary Research in Health Science', 'Luigi Sacco Hospital']"
University of Naples Federico II,Università degli Studi di Napoli Federico II,http://www.unina.it/index.jsp,[],https://upload.wikimedia.org/wikipedia/en/f/f9/Logo_unina.gif,Italy,Naples,"['Biology', 'Medicine', 'Chemistry', 'Physics', 'Internal medicine', 'Genetics', 'Biochemistry', 'Engineering', 'Computer science', 'Mathematics', 'Quantum mechanics', 'Organic chemistry', 'Pathology', 'Geology', 'Materials science', 'Psychology']","[67.8, 50.8, 50.3, 46.5, 36.7, 36.7, 36.0, 33.5, 31.5, 31.4, 27.7, 27.1, 23.0, 22.5, 21.5, 20.1]","['Centro Interuniversitario di Ricerca sui Peptidi Bioattivi', 'Federico II University Hospital', 'INFN Sezione di Napoli']"
University of Florence,Università degli Studi di Firenze,http://www.unifi.it/,['UniFI'],https://upload.wikimedia.org/wikipedia/en/5/52/University_of_Florence.svg,Italy,Florence,"['Biology', 'Medicine', 'Physics', 'Chemistry', 'Internal medicine', 'Genetics', 'Biochemistry', 'Mathematics', 'Computer science', 'Engineering', 'Quantum mechanics', 'Psychology', 'Organic chemistry', 'Pathology', 'Geology']","[66.0, 50.6, 47.3, 45.3, 36.8, 33.8, 31.8, 31.5, 31.1, 29.4, 29.1, 24.9, 24.5, 23.0, 20.1]","['Galileo Galilei Institute for Theoretical Physics', 'INFN Sezione di Firenze', 'Quantum Science and Technology in Arcetri', 'Azienda Ospedaliero-Universitaria Careggi']"
University of Turin,Università degli Studi di Torino,http://en.unito.it/,[],https://upload.wikimedia.org/wikipedia/en/8/84/Unitoshieldbrass.png,Italy,Turin,"['Biology', 'Medicine', 'Chemistry', 'Internal medicine', 'Genetics', 'Physics', 'Biochemistry', 'Pathology', 'Mathematics', 'Computer science', 'Psychology', 'Quantum mechanics', 'Organic chemistry', 'Engineering']","[69.7, 58.2, 47.0, 43.7, 39.4, 38.5, 34.7, 29.0, 28.0, 25.9, 24.3, 23.3, 22.4, 21.7]","[""Azienda Ospedaliera Citta' della Salute e della Scienza di Torino"", 'Azienda Ospedaliero Universitaria San Giovanni Battista', 'CTO Hospital']"
University of Pisa,Università di Pisa,http://www.unipi.it/,[],https://upload.wikimedia.org/wikipedia/en/0/06/University_of_Pisa.svg,Italy,Pisa,"['Biology', 'Medicine', 'Physics', 'Chemistry', 'Computer science', 'Mathematics', 'Internal medicine', 'Engineering', 'Genetics', 'Quantum mechanics', 'Biochemistry', 'Organic chemistry', 'Pathology', 'Psychology', 'Materials science']","[63.1, 48.5, 47.2, 44.7, 35.9, 35.6, 34.5, 33.0, 31.2, 30.6, 30.1, 23.7, 21.8, 21.8, 20.8]",['Ospedale Cisanello']
Politecnico di Milano,Politecnico di Milano,http://www.polimi.it/en/,[],https://upload.wikimedia.org/wikipedia/en/b/be/Logo_Politecnico_Milano.png,Italy,Milan,"['Engineering', 'Physics', 'Computer science', 'Mathematics', 'Quantum mechanics', 'Biology', 'Materials science', 'Chemistry', 'Thermodynamics', 'Artificial intelligence', 'Economics', 'Organic chemistry', 'Electrical engineering', 'Operating system', 'Geography', 'Programming language', 'Geology', 'Composite material', 'Optics']","[70.1, 66.9, 65.7, 52.9, 51.2, 42.6, 35.7, 35.4, 28.8, 26.4, 25.5, 25.1, 24.1, 23.9, 23.7, 22.9, 22.7, 22.0, 21.7]",['INFN Sezione di Milano']
University of Genoa,Università degli Studi di Genova,http://www.unige.it/,[],https://upload.wikimedia.org/wikipedia/en/4/4f/University_of_Genoa_logo.jpg,Italy,Genoa,"['Biology', 'Medicine', 'Physics', 'Chemistry', 'Internal medicine', 'Computer science', 'Mathematics', 'Engineering', 'Genetics', 'Quantum mechanics', 'Biochemistry', 'Psychology', 'Pathology', 'Organic chemistry']","[64.0, 51.3, 46.5, 43.0, 36.4, 35.5, 35.0, 33.1, 32.2, 29.5, 28.9, 25.7, 24.2, 21.8]",['INFN Sezione di Genova']
University of Pavia,Università di Pavia,http://www.unipv.eu/site/en/home.html,['Università di Pavia'],https://upload.wikimedia.org/wikipedia/commons/d/dc/Logo_UNIPV.svg,Italy,Pavia,"['Biology', 'Medicine', 'Chemistry', 'Physics', 'Internal medicine', 'Genetics', 'Biochemistry', 'Mathematics', 'Quantum mechanics', 'Computer science', 'Engineering', 'Pathology', 'Psychology', 'Organic chemistry', 'Materials science']","[66.8, 57.7, 46.4, 44.7, 41.8, 35.3, 33.3, 30.0, 29.5, 29.3, 28.7, 27.8, 26.2, 22.4, 21.3]",[]
University of Rome Tor Vergata,"Università degli Studi di Roma ""Tor Vergata""",http://web.uniroma2.it/home.php?newlang=italian,['University of Rome II'],https://upload.wikimedia.org/wikipedia/commons/9/97/Rettorato_Universit%%C3%%A0_di_Roma_Tor_Vergata.png,Italy,Rome,"['Biology', 'Physics', 'Medicine', 'Chemistry', 'Mathematics', 'Internal medicine', 'Computer science', 'Quantum mechanics', 'Engineering', 'Genetics', 'Biochemistry', 'Pathology', 'Psychology', 'Organic chemistry', 'Materials science']","[62.0, 51.0, 50.9, 43.7, 36.5, 36.3, 36.1, 34.8, 34.4, 33.5, 30.1, 23.9, 23.8, 21.6, 20.8]",['INFN Sezione di Roma II']
University of Bari Aldo Moro,Università degli Studi di Bari Aldo Moro,http://www.uniba.it/english-version,['University of Bari'],https://upload.wikimedia.org/wikipedia/commons/4/48/26_UNIVERSITA%%27_DI_BARI.jpg,Italy,Bari,"['Biology', 'Medicine', 'Chemistry', 'Internal medicine', 'Genetics', 'Biochemistry', 'Physics', 'Pathology', 'Mathematics', 'Psychology', 'Organic chemistry', 'Computer science', 'Quantum mechanics', 'Engineering']","[73.5, 58.8, 50.5, 43.7, 42.1, 38.4, 37.9, 29.3, 26.4, 24.5, 24.4, 24.2, 22.5, 21.8]",[]
University of Palermo,Università degli Studi di Palermo,http://portale.unipa.it/,[],https://upload.wikimedia.org/wikipedia/commons/e/e1/Facolt%%C3%%A0_di_Architettura_a_Palermo.jpg,Italy,Palermo,"['Biology', 'Medicine', 'Chemistry', 'Physics', 'Internal medicine', 'Genetics', 'Engineering', 'Biochemistry', 'Mathematics', 'Computer science', 'Quantum mechanics', 'Pathology', 'Organic chemistry', 'Geology', 'Psychology']","[67.0, 48.8, 45.2, 41.7, 34.9, 31.9, 31.0, 30.4, 29.9, 29.6, 26.3, 23.7, 23.3, 21.4, 21.3]","['Azienda Ospedaliera Universitaria Policlinico ""Paolo Giaccone"" di Palermo']"
Polytechnic University of Turin,Politecnico di Torino,http://www.polito.it/,[],https://upload.wikimedia.org/wikipedia/en/2/2f/Motto_polito.jpg,Italy,Turin,"['Engineering', 'Physics', 'Computer science', 'Mathematics', 'Quantum mechanics', 'Materials science', 'Biology', 'Thermodynamics', 'Chemistry', 'Electrical engineering', 'Composite material', 'Operating system', 'Artificial intelligence', 'Organic chemistry', 'Geology', 'Geography', 'Economics', 'Programming language', 'Statistics']","[75.3, 71.2, 67.5, 57.6, 55.0, 38.9, 38.9, 33.8, 33.7, 28.6, 26.4, 24.6, 24.3, 23.6, 23.5, 23.3, 22.4, 22.3, 20.7]",['Institute for Complex Systems']
University of Catania,Università di Catania,http://www.unict.it/,[],https://upload.wikimedia.org/wikipedia/commons/9/9c/Catane_Universit%%C3%%A9.jpg,Italy,Catania,"['Biology', 'Physics', 'Medicine', 'Chemistry', 'Internal medicine', 'Computer science', 'Engineering', 'Mathematics', 'Genetics', 'Quantum mechanics', 'Biochemistry', 'Organic chemistry', 'Psychology', 'Pathology', 'Materials science']","[64.2, 48.1, 47.4, 46.4, 34.3, 33.8, 33.7, 32.6, 32.4, 32.3, 31.0, 25.7, 23.2, 23.0, 22.4]","['Centro Siciliano di Fisica Nucleare e di Struttura della Materia', 'INFN Sezione di Catania']"
University of Perugia,Università degli Studi di Perugia,http://www.unipg.it/,[],https://upload.wikimedia.org/wikipedia/commons/a/ab/Logo_unipg.svg,Italy,Perugia,"['Biology', 'Chemistry', 'Medicine', 'Physics', 'Internal medicine', 'Biochemistry', 'Genetics', 'Mathematics', 'Quantum mechanics', 'Engineering', 'Computer science', 'Organic chemistry', 'Pathology', 'Materials science', 'Psychology']","[67.0, 51.2, 50.2, 48.1, 37.9, 35.3, 34.0, 30.8, 30.8, 30.4, 29.1, 28.7, 24.4, 22.5, 20.5]","['INFN Sezione di Perugia', 'INFN Sezione di Pisa', 'Azienda Ospedaliera di Perugia']"
Catholic University of the Sacred Heart,Università Cattolica del Sacro Cuore,http://www.ucsc.it/,[],,Italy,Milan,"['Medicine', 'Biology', 'Internal medicine', 'Genetics', 'Pathology', 'Chemistry', 'Psychology', 'Surgery', 'Biochemistry', 'Psychiatry', 'Physics', 'Mathematics', 'Endocrinology', 'Radiology', 'Computer science', 'Immunology']","[79.0, 75.7, 61.5, 43.8, 41.8, 39.4, 38.3, 33.4, 32.1, 27.0, 25.7, 25.3, 21.8, 20.8, 20.1, 20.1]",['Agostino Gemelli University Polyclinic']
University of Parma,Università degli Studi di Parma,http://en.unipr.it/,[],https://upload.wikimedia.org/wikipedia/en/3/37/UniParma-Logo.jpg,Italy,Parma,"['Biology', 'Medicine', 'Chemistry', 'Physics', 'Internal medicine', 'Genetics', 'Biochemistry', 'Organic chemistry', 'Mathematics', 'Quantum mechanics', 'Engineering', 'Computer science', 'Psychology', 'Pathology', 'Materials science']","[69.8, 56.0, 51.6, 45.7, 40.8, 35.6, 34.8, 29.2, 29.2, 29.0, 28.5, 27.5, 25.9, 25.3, 23.9]",['Ospedale di Parma']
University of Siena,Università degli Studi di Siena,http://www.unisi.it/,[],https://upload.wikimedia.org/wikipedia/en/c/c1/University_of_Siena.png,Italy,Siena,"['Biology', 'Medicine', 'Chemistry', 'Internal medicine', 'Genetics', 'Physics', 'Biochemistry', 'Pathology', 'Mathematics', 'Computer science', 'Psychology', 'Organic chemistry', 'Engineering', 'Quantum mechanics']","[71.8, 60.1, 47.4, 43.4, 41.4, 38.4, 36.5, 28.9, 27.8, 27.5, 24.8, 22.2, 22.2, 20.1]",['Azienda Ospedaliera Universitaria Senese']
University of Verona,Università di Verona,http://www.univr.it/jsp/index.jsp,[],https://upload.wikimedia.org/wikipedia/commons/5/54/Univr_nuovo_sigillo.jpg,Italy,Verona,"['Biology', 'Medicine', 'Internal medicine', 'Chemistry', 'Genetics', 'Pathology', 'Psychology', 'Biochemistry', 'Physics', 'Mathematics', 'Surgery', 'Computer science', 'Endocrinology', 'Psychiatry', 'Immunology']","[75.5, 74.5, 58.8, 42.6, 41.4, 39.6, 36.3, 35.6, 29.8, 29.3, 27.9, 25.8, 25.2, 24.3, 21.7]",[]
University of Modena and Reggio Emilia,Università degli Studi di Modena e Reggio Emilia,http://www.unimore.it/,[],https://upload.wikimedia.org/wikipedia/commons/0/01/Logo_B_Positivo_Colore.jpg,Italy,Modena,"['Biology', 'Medicine', 'Chemistry', 'Internal medicine', 'Physics', 'Genetics', 'Biochemistry', 'Mathematics', 'Pathology', 'Computer science', 'Engineering', 'Psychology', 'Organic chemistry', 'Quantum mechanics', 'Materials science']","[68.9, 58.0, 49.6, 44.1, 40.5, 39.1, 34.3, 30.1, 29.5, 29.4, 28.3, 26.3, 25.0, 24.6, 21.6]",[]
University of Milano-Bicocca,Università Milano Bicocca,http://www.unimib.it/go/102/Home/English,[],https://upload.wikimedia.org/wikipedia/en/2/25/Milano-Bicocca_University_logo.jpg,Italy,Milan,"['Biology', 'Medicine', 'Physics', 'Chemistry', 'Internal medicine', 'Computer science', 'Mathematics', 'Psychology', 'Genetics', 'Quantum mechanics', 'Engineering', 'Pathology', 'Biochemistry']","[62.8, 52.2, 42.7, 38.4, 37.5, 36.0, 35.9, 30.1, 28.6, 27.9, 27.9, 24.8, 24.3]",['INFN Sezione di Milano Bicocca']
University of Messina,Università degli studi di Messina,http://www.unime.it/,[],https://upload.wikimedia.org/wikipedia/commons/6/62/UnimeLogo.gif,Italy,Messina,"['Biology', 'Medicine', 'Chemistry', 'Internal medicine', 'Physics', 'Genetics', 'Biochemistry', 'Organic chemistry', 'Pathology', 'Psychology', 'Quantum mechanics', 'Engineering', 'Mathematics', 'Computer science', 'Endocrinology', 'Materials science', 'Surgery']","[72.7, 62.0, 53.2, 47.8, 41.5, 38.5, 38.2, 30.1, 29.6, 27.8, 25.2, 25.2, 25.0, 22.9, 22.7, 21.4, 20.5]",[]
University of Ferrara,Università degli Studi di Ferrara,http://www.unife.it/,[],https://upload.wikimedia.org/wikipedia/commons/8/80/01_Ex_Convento_Santa_Lucia_-_Ferrara.jpg,Italy,Ferrara,"['Biology', 'Medicine', 'Chemistry', 'Physics', 'Internal medicine', 'Biochemistry', 'Genetics', 'Quantum mechanics', 'Mathematics', 'Engineering', 'Organic chemistry', 'Computer science', 'Psychology', 'Pathology', 'Materials science']","[69.4, 55.0, 51.6, 47.4, 41.9, 37.8, 37.8, 29.1, 28.9, 28.4, 27.2, 26.7, 24.0, 23.5, 20.9]","['INFN Sezione di Ferrara', 'Laboratorio di Tecniche Nucleari per i Beni Culturali', ""Arcispedale Sant'Anna""]"
University of Trieste,Università di Trieste,http://www.units.it/,[],,Italy,Trieste,"['Biology', 'Physics', 'Chemistry', 'Medicine', 'Quantum mechanics', 'Mathematics', 'Engineering', 'Computer science', 'Biochemistry', 'Internal medicine', 'Genetics', 'Organic chemistry', 'Materials science']","[59.2, 57.4, 46.7, 43.0, 41.4, 34.8, 33.3, 32.2, 29.5, 29.3, 28.6, 28.5, 26.4]","['INFN Sezione di Trieste', 'Azienda Ospedaliero Universitaria Ospedali Riuniti']"
University of Cagliari,Università degli Studi di Cagliari,http://www.unica.it/,[],https://upload.wikimedia.org/wikipedia/commons/d/de/Logo_Universit%%C3%%A0_di_Cagliari.jpg,Italy,Cagliari,"['Biology', 'Medicine', 'Chemistry', 'Physics', 'Internal medicine', 'Genetics', 'Biochemistry', 'Computer science', 'Mathematics', 'Engineering', 'Quantum mechanics', 'Psychology', 'Organic chemistry', 'Pathology', 'Materials science']","[65.8, 50.8, 48.5, 43.4, 36.9, 34.3, 33.8, 33.2, 32.3, 30.5, 28.5, 27.6, 25.7, 22.7, 20.2]",['INFN Sezione di Cagliari']
University of Trento,Università degli Studi di Trento,http://www.unitn.it/en,[],https://upload.wikimedia.org/wikipedia/commons/0/08/Logo123456.jpg,Italy,Trento,"['Computer science', 'Physics', 'Mathematics', 'Engineering', 'Biology', 'Quantum mechanics', 'Chemistry', 'Artificial intelligence', 'Philosophy', 'Materials science', 'Psychology', 'Medicine', 'Economics', 'Geography', 'Geology', 'Organic chemistry', 'Programming language']","[57.6, 55.9, 49.8, 49.1, 44.6, 41.9, 33.0, 26.3, 26.3, 25.5, 25.0, 24.7, 23.2, 21.9, 21.8, 21.0, 20.3]","['The Microsoft Research - University of Trento Centre for Computational and Systems Biology', 'Trento Institute for Fundamental Physics and Applications']"
University of Salerno,Università di Salerno,http://www.unisa.it/,[],https://upload.wikimedia.org/wikipedia/commons/c/cc/Unisa_-_Vista_da_Ingegneria.jpg,Italy,Fisciano,"['Physics', 'Biology', 'Computer science', 'Mathematics', 'Engineering', 'Chemistry', 'Quantum mechanics', 'Medicine', 'Organic chemistry', 'Biochemistry', 'Materials science', 'Genetics', 'Artificial intelligence', 'Thermodynamics']","[55.3, 53.4, 47.6, 46.0, 44.4, 42.3, 39.1, 32.0, 27.3, 25.8, 25.8, 20.9, 20.6, 20.2]",[]
University of Brescia,Università degli Studi di Brescia,http://www.unibs.it/,[],https://upload.wikimedia.org/wikipedia/en/1/17/Logo_University_of_Brescia.svg,Italy,Brescia,"['Biology', 'Medicine', 'Internal medicine', 'Chemistry', 'Physics', 'Genetics', 'Pathology', 'Mathematics', 'Computer science', 'Biochemistry', 'Engineering', 'Psychology', 'Surgery', 'Quantum mechanics']","[69.0, 65.7, 52.0, 42.8, 37.8, 37.6, 36.1, 33.8, 30.7, 30.4, 30.0, 30.0, 24.7, 22.5]",[]
University of L'Aquila,Università degli Studi dell'Aquila,http://www.univaq.it/en/,[],https://upload.wikimedia.org/wikipedia/commons/1/11/UnivaqLogo.png,Italy,L’Aquila,"['Biology', 'Physics', 'Medicine', 'Computer science', 'Engineering', 'Chemistry', 'Mathematics', 'Quantum mechanics', 'Internal medicine', 'Genetics', 'Biochemistry', 'Organic chemistry', 'Materials science', 'Psychology', 'Geology', 'Pathology']","[58.6, 53.6, 43.6, 42.8, 42.8, 41.9, 41.6, 37.8, 31.1, 27.3, 26.3, 22.8, 22.6, 22.1, 20.9, 20.3]",[]
Vita-Salute San Raffaele University,Università Vita-Salute San Raffaele,http://www.unisr.it/,[],,Italy,Milan,"['Medicine', 'Biology', 'Internal medicine', 'Genetics', 'Pathology', 'Surgery', 'Chemistry', 'Psychology', 'Biochemistry', 'Immunology', 'Psychiatry', 'Endocrinology', 'Radiology', 'Mathematics', 'Physics']","[94.3, 84.6, 79.0, 55.8, 52.3, 43.6, 42.8, 41.3, 38.9, 31.9, 31.3, 27.1, 26.5, 21.7, 21.3]",['IRCCS Ospedale San Raffaele']
University of Udine,Università degli Studi di Udine,http://www.uniud.it/en/uniud-international?set_language=en,[],https://upload.wikimedia.org/wikipedia/en/7/7c/Uniudlogo.png,Italy,Udine,"['Biology', 'Medicine', 'Physics', 'Chemistry', 'Mathematics', 'Computer science', 'Internal medicine', 'Genetics', 'Engineering', 'Quantum mechanics', 'Biochemistry', 'Pathology', 'Psychology']","[64.0, 50.5, 45.1, 40.1, 39.5, 37.5, 34.8, 32.9, 32.1, 29.0, 27.8, 23.8, 22.3]",['Ospedale Santa Maria della Misericordia di Udine']
University of Calabria,Università della Calabria,http://www.unical.it/portale/,[],https://upload.wikimedia.org/wikipedia/commons/8/81/Unical_Rende_%%28CS%%29.jpg,Italy,Rende,"['Physics', 'Biology', 'Engineering', 'Computer science', 'Chemistry', 'Mathematics', 'Quantum mechanics', 'Organic chemistry', 'Materials science', 'Biochemistry', 'Medicine', 'Geology', 'Genetics', 'Geography']","[58.0, 54.7, 49.7, 47.8, 46.8, 43.4, 42.4, 32.8, 32.3, 29.2, 25.8, 24.0, 22.7, 20.7]",[]
University of Chieti-Pescara,"Università degli Studi ""Gabriele d'Annunzio""",http://www.unich.it/,[],https://upload.wikimedia.org/wikipedia/commons/3/3c/Seal_of_the_University_of_Chieti-Pescara.png,Italy,Chieti,"['Biology', 'Medicine', 'Internal medicine', 'Chemistry', 'Genetics', 'Biochemistry', 'Psychology', 'Pathology', 'Physics', 'Surgery', 'Endocrinology', 'Psychiatry', 'Mathematics', 'Computer science', 'Organic chemistry']","[78.9, 76.8, 57.7, 46.2, 42.4, 38.2, 37.9, 36.0, 34.5, 26.6, 26.2, 26.0, 24.9, 22.0, 20.8]",[]
Marche Polytechnic University,Università Politecnica delle Marche,http://www.univpm.it/Entra/,[],https://upload.wikimedia.org/wikipedia/commons/4/4e/UnivPM-Rettorato.jpg,Italy,Ancona,"['Biology', 'Medicine', 'Physics', 'Chemistry', 'Internal medicine', 'Engineering', 'Computer science', 'Mathematics', 'Genetics', 'Pathology', 'Biochemistry', 'Geology', 'Quantum mechanics', 'Psychology']","[67.7, 53.1, 41.8, 41.5, 39.3, 37.2, 36.5, 35.8, 32.9, 28.6, 28.2, 23.7, 23.5, 21.7]",[]
Roma Tre University,Università degli Studi Roma Tre,http://www.uniroma3.it/,[],https://upload.wikimedia.org/wikipedia/en/c/c6/University_Roma_Tre_logo.svg,Italy,Rome,"['Physics', 'Computer science', 'Engineering', 'Mathematics', 'Quantum mechanics', 'Biology', 'Chemistry', 'Geology', 'Materials science', 'Geography', 'Optics', 'Medicine', 'Philosophy']","[60.0, 51.8, 48.4, 48.0, 45.2, 44.3, 31.2, 27.6, 26.5, 24.8, 22.4, 21.3, 20.8]",['INFN Sezione di Roma III']
University of Sassari,Università degli Studi di Sassari,http://www.uniss.it/php/home.php,[],https://upload.wikimedia.org/wikipedia/commons/5/58/Universit%%C3%%A9_de_Sassari.JPG,Italy,Sassari,"['Biology', 'Medicine', 'Chemistry', 'Biochemistry', 'Genetics', 'Internal medicine', 'Physics', 'Organic chemistry', 'Pathology', 'Mathematics', 'Psychology', 'Geology', 'Computer science', 'Ecology', 'Engineering']","[79.4, 60.5, 55.7, 43.1, 42.5, 41.6, 35.6, 29.0, 28.3, 22.9, 22.5, 22.3, 21.5, 20.3, 20.2]",['Azienda Ospedaliero Universitaria di Sassari']
University of Insubria,Università degli Studi dell'Insubria,http://www.uninsubria.eu/,[],https://upload.wikimedia.org/wikipedia/commons/5/5e/034ComoSAbbondio.jpg,Italy,Varese,"['Biology', 'Medicine', 'Internal medicine', 'Chemistry', 'Physics', 'Genetics', 'Mathematics', 'Biochemistry', 'Pathology', 'Computer science', 'Engineering', 'Surgery', 'Psychology', 'Quantum mechanics']","[66.6, 58.6, 45.3, 43.0, 41.3, 35.1, 33.1, 30.9, 29.8, 29.5, 27.1, 26.3, 25.1, 24.9]","['Ospedale Filippo Del Ponte Varese', 'Ospedale di Circolo e Fondazione Macchi']"
University of Eastern Piedmont Amadeo Avogadro,"Università degli Studi del Piemonte Orientale ""Amedeo Avogadro""",http://www.unipmn.it/,['University of Eastern Piedmont'],,Italy,Vercelli,"['Biology', 'Medicine', 'Chemistry', 'Internal medicine', 'Physics', 'Genetics', 'Biochemistry', 'Pathology', 'Mathematics', 'Quantum mechanics', 'Organic chemistry', 'Computer science', 'Psychology', 'Engineering', 'Materials science', 'Immunology']","[67.4, 60.0, 50.1, 46.3, 41.7, 41.5, 38.0, 31.3, 30.1, 26.5, 25.2, 23.6, 23.5, 21.7, 20.8, 20.3]","['INFN Sezione di Torino', 'Azienda Ospedaliero Universitaria Maggiore della Carita']"
Ca' Foscari University of Venice,Università Ca' Foscari Venezia,http://www.unive.it/nqcontent.cfm?a_id=10497,"[""Università Ca' Foscari""]",https://upload.wikimedia.org/wikipedia/commons/b/bc/Logo_Universit%C3%A0_Ca%27_Foscari_Venezia.svg,Italy,Venice,"['Biology', 'Computer science', 'Physics', 'Mathematics', 'Chemistry', 'Economics', 'Engineering', 'Philosophy', 'Geography', 'Political science', 'Organic chemistry', 'Geology', 'Quantum mechanics', 'Ecology', 'Law', 'History', 'Business', 'Materials science']","[49.4, 45.0, 39.7, 37.1, 33.4, 32.8, 32.4, 30.7, 28.7, 26.2, 25.8, 25.5, 25.2, 24.0, 23.9, 22.2, 22.1, 20.6]",[]
University of Salento,Università del Salento,https://www.unisalento.it/web/guest/home_page,['Università del Salento'],https://upload.wikimedia.org/wikipedia/en/7/71/University_of_Salento.png,Italy,Lecce,"['Physics', 'Biology', 'Engineering', 'Computer science', 'Quantum mechanics', 'Chemistry', 'Mathematics', 'Materials science', 'Geology', 'Organic chemistry', 'Geography', 'Medicine', 'Ecology', 'Economics', 'Biochemistry', 'Optics']","[58.8, 54.3, 51.7, 47.1, 42.6, 42.2, 41.5, 32.6, 29.2, 27.9, 27.7, 26.5, 22.1, 21.6, 20.5, 20.2]",['INFN Sezione di Lecce']
Humanitas University,Humanitas University,http://www.hunimed.eu/,['Università Humanitas'],https://upload.wikimedia.org/wikipedia/commons/3/32/Hunimed.png,Italy,Rozzano,"['Medicine', 'Internal medicine', 'Biology', 'Genetics', 'Pathology', 'Surgery', 'Chemistry', 'Immunology', 'Biochemistry', 'Psychology', 'Radiology', 'Endocrinology', 'Physics', 'Psychiatry', 'Cancer']","[95.1, 82.3, 81.8, 55.3, 54.4, 49.3, 38.7, 34.6, 33.8, 28.6, 27.9, 21.7, 21.5, 21.1, 20.7]",['IRCCS Humanitas Research Hospital']
University of Camerino,Università degli Studi di Camerino,http://www.unicam.it/,[],https://upload.wikimedia.org/wikipedia/en/f/f6/University_of_Camerino.png,Italy,Camerino,"['Biology', 'Chemistry', 'Physics', 'Biochemistry', 'Medicine', 'Organic chemistry', 'Genetics', 'Quantum mechanics', 'Internal medicine', 'Engineering', 'Mathematics', 'Computer science', 'Materials science', 'Geology']","[70.8, 64.7, 51.4, 47.0, 43.7, 40.9, 38.2, 34.4, 30.2, 30.0, 28.6, 27.0, 26.8, 22.0]",[]
Bocconi University,Università commerciale Luigi Bocconi,http://www.unibocconi.it/wps/wcm/connect/Bocconi/SitoPubblico_IT/Albero+di+navigazione/Home/,[],https://upload.wikimedia.org/wikipedia/commons/4/45/Grafton_Building.jpg,Italy,Milan,"['Economics', 'Business', 'Political science', 'Law', 'Computer science', 'Mathematics', 'Biology', 'Philosophy', 'Finance', 'Sociology', 'Physics', 'Statistics', 'Geography', 'Engineering', 'Psychology', 'Macroeconomics', 'Medicine', 'Microeconomics', 'History']","[78.8, 60.4, 57.3, 53.4, 51.3, 47.3, 35.1, 33.4, 31.3, 28.5, 27.7, 26.7, 26.3, 25.2, 23.8, 22.7, 22.1, 20.8, 20.1]",['Institute for International Political Studies']
International School for Advanced Studies,Scuola Internazionale Superiore di Studi Avanzati,https://www.sissa.it/,[],https://upload.wikimedia.org/wikipedia/en/8/85/SISSA_official_logo.svg,Italy,Trieste,"['Physics', 'Quantum mechanics', 'Mathematics', 'Computer science', 'Engineering', 'Biology', 'Chemistry', 'Geometry', 'Mathematical analysis', 'Astronomy', 'Mathematical physics', 'Materials science', 'Pure mathematics', 'Medicine', 'Astrophysics', 'Particle physics']","[80.7, 71.6, 63.0, 43.8, 38.6, 37.7, 36.5, 29.0, 26.9, 25.9, 24.4, 23.5, 22.2, 22.1, 21.7, 20.1]",[]
Sant'Anna School of Advanced Studies,Scuola Superiore Sant'Anna,http://www.santannapisa.it/en,[],,Italy,Pisa,"['Computer science', 'Engineering', 'Biology', 'Physics', 'Mathematics', 'Medicine', 'Economics', 'Quantum mechanics', 'Chemistry', 'Artificial intelligence', 'Psychology', 'Operating system', 'Materials science', 'Internal medicine', 'Political science']","[62.8, 53.3, 51.0, 47.0, 41.1, 40.7, 32.3, 31.9, 28.8, 27.9, 25.8, 24.6, 23.0, 22.4, 20.2]",['National Enterprise for NanoScience and NanoTechnology']
Magna Graecia University,Università degli Studi Magna Græcia di Catanzaro,http://web.unicz.it/it/,[],https://upload.wikimedia.org/wikipedia/commons/3/30/Magna_Graecia_University_of_Catanzaro_03.jpg,Italy,Catanzaro,"['Medicine', 'Biology', 'Internal medicine', 'Genetics', 'Chemistry', 'Pathology', 'Biochemistry', 'Psychology', 'Surgery', 'Endocrinology', 'Psychiatry', 'Physics', 'Immunology', 'Mathematics', 'Radiology']","[87.1, 83.7, 71.2, 50.1, 49.8, 48.2, 44.5, 38.2, 31.8, 31.3, 29.2, 26.0, 21.4, 21.2, 20.5]",['Azienda Ospedaliero Universitario Mater Domini']
Università Campus Bio-Medico,Università Campus Bio-Medico,http://www.unicampus.it/,[],https://upload.wikimedia.org/wikipedia/commons/c/c7/Policlinico_Universitario_Campus_Bio-Medico_visto_dal_Parco_di_Decima.JPG,Italy,Rome,"['Medicine', 'Biology', 'Internal medicine', 'Pathology', 'Genetics', 'Surgery', 'Chemistry', 'Psychology', 'Biochemistry', 'Physics', 'Psychiatry', 'Mathematics', 'Radiology', 'Computer science', 'Endocrinology', 'Engineering', 'Immunology']","[87.0, 80.5, 69.0, 48.9, 44.1, 43.3, 39.5, 38.4, 31.8, 30.8, 27.9, 27.7, 25.0, 24.4, 23.5, 21.2, 20.4]",['Campus Bio Medico University Hospital']
University of Foggia,Università degli Studi di Foggia,http://en.unifg.it/,[],,Italy,Foggia,"['Biology', 'Medicine', 'Internal medicine', 'Chemistry', 'Genetics', 'Pathology', 'Biochemistry', 'Psychology', 'Physics', 'Surgery', 'Mathematics', 'Psychiatry', 'Endocrinology', 'Immunology']","[80.6, 75.6, 58.1, 47.9, 42.6, 41.8, 38.0, 32.0, 28.7, 27.2, 23.8, 23.2, 22.5, 20.4]",[]
"University of Campania ""Luigi Vanvitelli""",,http://international.unina2.it/index.php/en,['Second University of Naples'],,Italy,Caserta,"['Medicine', 'Biology', 'Internal medicine', 'Pathology', 'Chemistry', 'Genetics', 'Psychology', 'Biochemistry', 'Physics', 'Mathematics', 'Psychiatry', 'Surgery', 'Computer science', 'Engineering', 'Endocrinology']","[75.0, 75.0, 58.5, 42.9, 39.9, 38.4, 37.3, 32.1, 29.3, 28.3, 27.0, 26.6, 25.7, 21.5, 21.2]","['Centro Interuniversitario di Ricerca sui Peptidi Bioattivi', 'Azienda Ospedaliera Universitaria Università degli Studi della Campania Luigi Vanvitelli']"
University of Basilicata,Università degli Studi della Basilicata,http://portale.unibas.it/site/home.html,[],https://upload.wikimedia.org/wikipedia/commons/8/8a/Universit%%C3%%A0_basilicata2.jpg,Italy,Potenza,"['Biology', 'Physics', 'Chemistry', 'Engineering', 'Quantum mechanics', 'Mathematics', 'Computer science', 'Geology', 'Organic chemistry', 'Geography', 'Biochemistry', 'Materials science', 'Ecology', 'Medicine', 'Genetics']","[60.7, 57.6, 48.9, 42.5, 39.8, 38.1, 36.2, 35.4, 35.2, 29.9, 28.2, 26.3, 25.5, 24.6, 20.7]",[]
University of Urbino,Università degli Studi di Urbino Carlo Bo,http://www.uniurb.it/it/portale/index.php?mist_id=0&lang=IT&tipo=IST&page=0,[],https://upload.wikimedia.org/wikipedia/en/f/f7/Uniurb.png,Italy,Urbino,"['Biology', 'Chemistry', 'Physics', 'Medicine', 'Biochemistry', 'Genetics', 'Organic chemistry', 'Computer science', 'Mathematics', 'Quantum mechanics', 'Internal medicine', 'Engineering', 'Geology', 'Philosophy']","[63.9, 48.9, 45.7, 38.4, 35.6, 32.1, 30.0, 29.8, 28.3, 26.3, 25.4, 24.5, 24.4, 20.1]",[]
University of Bergamo,Università degli Studi di Bergamo,http://www.unibg.it/en_index.asp,['Bergamo University'],https://upload.wikimedia.org/wikipedia/commons/2/2f/Bergamo_chiostro_santagostino.jpg,Italy,Bergamo,"['Computer science', 'Mathematics', 'Engineering', 'Biology', 'Physics', 'Economics', 'Medicine', 'Political science', 'Quantum mechanics', 'Philosophy', 'Business', 'Law', 'Psychology', 'Geography', 'Chemistry', 'Artificial intelligence', 'Statistics', 'Programming language']","[54.5, 48.6, 43.5, 43.0, 42.0, 37.5, 29.0, 28.7, 28.0, 27.4, 27.2, 26.6, 25.3, 23.0, 22.2, 20.8, 20.1, 20.1]",[]
Tuscia University,Università degli Studi della Tuscia,http://www3.unitus.it/,[],https://upload.wikimedia.org/wikipedia/commons/0/01/Viterbo_Santa_Maria_in_Gradi.JPG,Italy,Viterbo,"['Biology', 'Chemistry', 'Ecology', 'Biochemistry', 'Physics', 'Genetics', 'Geology', 'Organic chemistry', 'Medicine', 'Botany', 'Geography', 'Engineering', 'Computer science', 'Gene', 'Environmental science', 'Quantum mechanics', 'Paleontology', 'Mathematics']","[83.5, 60.0, 45.9, 44.4, 44.3, 39.7, 38.0, 35.0, 33.8, 32.9, 32.8, 29.3, 25.3, 24.3, 23.8, 23.2, 22.5, 20.1]",[]
University of Cassino and Southern Lazio,Università degli Studi di Cassino e del Lazio Meridionale,http://www.eng.unicas.it/,['University of Cassino'],,Italy,Cassino,"['Engineering', 'Computer science', 'Physics', 'Mathematics', 'Quantum mechanics', 'Biology', 'Economics', 'Thermodynamics', 'Materials science', 'Chemistry', 'Artificial intelligence', 'Electrical engineering', 'Geology', 'Geography', 'Statistics', 'Philosophy', 'Medicine', 'Composite material']","[67.9, 64.7, 64.2, 54.8, 48.6, 41.2, 31.7, 31.6, 28.9, 28.8, 28.1, 26.7, 25.7, 23.8, 22.8, 21.8, 20.9, 20.6]",[]
Parthenope University of Naples,"Università degli Studi di Napoli ""Parthenope""",http://www.uniparthenope.it/,[],https://upload.wikimedia.org/wikipedia/commons/b/bf/Universit%C3%A0_degli_Studi_di_Napoli_-_Parthenope_-_sede_Acton.png.jpg,Italy,Naples,"['Computer science', 'Biology', 'Physics', 'Engineering', 'Mathematics', 'Economics', 'Geography', 'Quantum mechanics', 'Geology', 'Chemistry', 'Medicine', 'Political science', 'Artificial intelligence', 'Business', 'Law', 'Ecology', 'Statistics', 'Psychology', 'Philosophy']","[57.3, 52.4, 52.0, 51.1, 48.0, 36.6, 34.1, 33.7, 31.9, 28.5, 27.3, 26.0, 25.0, 24.9, 24.7, 22.9, 22.5, 21.9, 21.9]",[]
San Raffaele University of Rome,Università telematica San Raffaele,http://www.unisanraffaele.gov.it/,[],,Italy,Rome,"['Medicine', 'Internal medicine', 'Biology', 'Genetics', 'Surgery', 'Psychology', 'Pathology', 'Chemistry', 'Biochemistry', 'Psychiatry', 'Radiology', 'Endocrinology', 'Physics', 'Immunology', 'Cardiology', 'Neuroscience']","[94.5, 81.5, 81.1, 48.5, 48.0, 45.8, 45.4, 43.8, 39.3, 33.9, 33.5, 31.3, 26.1, 25.3, 25.1, 23.8]",[]
University of Reggio Calabria,"Università degli Studi ""Mediterranea"" di Reggio Calabria",http://www.unirc.it/,"['Mediterranea University of Reggio Calabria', 'Mediterranea University']",https://upload.wikimedia.org/wikipedia/commons/2/21/Reggio_Calabria_Palazzo_Zani.jpg,Italy,Reggio Calabria,"['Biology', 'Engineering', 'Computer science', 'Physics', 'Mathematics', 'Chemistry', 'Quantum mechanics', 'Geography', 'Medicine', 'Geology', 'Ecology', 'Organic chemistry', 'Materials science', 'Biochemistry', 'Economics']","[58.1, 54.0, 50.4, 49.7, 40.2, 37.0, 35.2, 29.3, 28.9, 28.9, 25.1, 22.7, 22.5, 22.2, 21.1]",[]
Free University of Bozen-Bolzano,Libera Università di Bolzano,https://www.unibz.it/en/public/university/default.html,[],https://upload.wikimedia.org/wikipedia/commons/6/6d/UniBZ-Logo.svg,Italy,Bolzano,"['Computer science', 'Mathematics', 'Engineering', 'Biology', 'Economics', 'Physics', 'Philosophy', 'Programming language', 'Geography', 'Political science', 'Artificial intelligence', 'Business', 'Law', 'Geology', 'Quantum mechanics', 'Operating system', 'Ecology', 'Chemistry', 'History']","[64.9, 47.7, 44.3, 43.7, 39.0, 37.7, 31.5, 30.2, 28.9, 27.9, 27.7, 26.9, 26.0, 25.1, 25.0, 23.4, 23.0, 22.1, 20.4]",[]
University of Sannio,Università degli Studi del Sannio,http://www.unisannio.it/,[],https://upload.wikimedia.org/wikipedia/commons/7/73/Benevento-San_Domenico.jpg,Italy,Benevento,"['Computer science', 'Engineering', 'Physics', 'Mathematics', 'Biology', 'Quantum mechanics', 'Chemistry', 'Geology', 'Programming language', 'Artificial intelligence', 'Economics', 'Operating system', 'Materials science', 'Geography', 'Thermodynamics', 'Medicine', 'Organic chemistry', 'Electrical engineering', 'Statistics']","[63.3, 60.1, 56.2, 51.0, 48.7, 41.4, 36.3, 25.4, 25.3, 25.1, 25.0, 25.0, 23.9, 23.7, 21.1, 21.0, 20.9, 20.7, 20.1]",[]
University of Molise,Università degli Studi del Molise,http://www.unimol.it/,[],https://upload.wikimedia.org/wikipedia/commons/1/1c/Unimol_-_Facolt%%C3%%A0_di_Giurisprudenza.jpg,Italy,Campobasso,"['Biology', 'Medicine', 'Chemistry', 'Physics', 'Biochemistry', 'Internal medicine', 'Genetics', 'Geology', 'Ecology', 'Pathology', 'Computer science', 'Geography', 'Organic chemistry', 'Mathematics', 'Psychology', 'Engineering', 'Paleontology']","[76.6, 52.7, 46.8, 35.0, 35.0, 34.0, 33.5, 28.9, 27.2, 26.0, 25.2, 25.1, 24.7, 24.7, 23.5, 23.4, 20.9]",[]
European University Institute,Istituto universitario europeo,http://www.eui.eu/,[],https://upload.wikimedia.org/wikipedia/commons/9/9b/New_Logo_EUI_2021_SVG.svg,Italy,Florence,"['Economics', 'Political science', 'Law', 'Sociology', 'Business', 'Computer science', 'Philosophy', 'Politics', 'Mathematics', 'Biology', 'Geography', 'History', 'Archaeology', 'Physics', 'Finance', 'Market economy']","[76.1, 74.4, 66.5, 48.4, 46.0, 39.6, 37.9, 33.0, 32.5, 30.2, 29.4, 27.6, 23.3, 22.9, 22.4, 20.6]",[]
Polytechnic University of Bari,Politecnico di Bari,http://www.poliba.it/,[],https://upload.wikimedia.org/wikipedia/commons/f/f5/Politecnico_di_Bari.png,Italy,Bari,"['Engineering', 'Computer science', 'Physics', 'Mathematics', 'Quantum mechanics', 'Biology', 'Materials science', 'Geography', 'Thermodynamics', 'Economics', 'Artificial intelligence', 'Chemistry', 'Geology', 'Electrical engineering', 'Operating system', 'Programming language', 'Composite material']","[72.9, 69.8, 65.6, 56.4, 52.0, 40.3, 33.6, 32.1, 30.9, 29.9, 29.6, 28.0, 27.3, 25.9, 23.8, 23.0, 21.1]",['INFN Sezione di Bari']
University of Teramo,Università di Teramo,http://www.unite.it/UniTE/,[],https://upload.wikimedia.org/wikipedia/en/f/fb/Uniteramo.jpg,Italy,Teramo,"['Biology', 'Medicine', 'Chemistry', 'Biochemistry', 'Genetics', 'Internal medicine', 'Physics', 'Pathology', 'Organic chemistry', 'Ecology', 'Computer science', 'Geology']","[81.6, 63.1, 60.4, 50.3, 50.2, 41.4, 30.2, 28.5, 28.4, 24.4, 24.2, 24.1]",[]
University of Macerata,Università degli Studi di Macerata,https://www.unimc.it/it,[],https://upload.wikimedia.org/wikipedia/en/a/a7/University_of_Macerata.png,Italy,Macerata,"['Biology', 'Medicine', 'Political science', 'Philosophy', 'Computer science', 'Law', 'Economics', 'Mathematics', 'Sociology', 'Psychology', 'Internal medicine', 'Geography', 'Art', 'Physics', 'Business', 'History', 'Genetics', 'Pathology']","[49.3, 42.1, 39.9, 38.1, 36.3, 36.1, 35.4, 34.9, 29.0, 28.9, 26.5, 24.8, 24.3, 24.2, 23.3, 22.6, 22.6, 21.4]",[]
Luiss University,"Libera Università Internazionale degli Studi Sociali ""Guido Carli""",http://www.luiss.edu/,[],https://upload.wikimedia.org/wikipedia/commons/c/c1/LUISS_sede_centrale_Via_Pola.jpeg,Italy,Rome,"['Economics', 'Business', 'Political science', 'Law', 'Computer science', 'Mathematics', 'Philosophy', 'Finance', 'Biology', 'Sociology', 'Physics', 'Geography', 'Engineering', 'Psychology', 'Macroeconomics', 'History', 'Microeconomics']","[78.3, 62.6, 61.0, 54.8, 52.3, 43.8, 36.2, 33.6, 32.8, 30.7, 26.5, 25.4, 25.2, 23.8, 23.6, 21.2, 20.7]",[]
Marconi University,"Università degli Studi ""Guglielmo Marconi""",http://www.gmuonline.org/,"['Unimarconi', 'Guglielmo Marconi University']",https://upload.wikimedia.org/wikipedia/en/7/71/Marconi_University_Logo.png,Italy,Rome,"['Biology', 'Medicine', 'Physics', 'Computer science', 'Engineering', 'Mathematics', 'Quantum mechanics', 'Chemistry', 'Internal medicine', 'Psychology', 'Genetics', 'Economics', 'Pathology']","[59.7, 47.8, 44.8, 42.3, 41.0, 33.9, 30.6, 30.0, 29.8, 26.3, 23.9, 23.9, 22.7]",[]
IMT Institute for Advanced Studies Lucca,Scuola IMT Alti Studi Lucca,https://www.imtlucca.it/,"['Institutions, Markets, Technologies Institute for Advanced Studies', 'Institute for Advanced Studies Lucca']",https://upload.wikimedia.org/wikipedia/en/8/86/Official_IMT_School_Logo.jpg,Italy,Lucca,"['Computer science', 'Mathematics', 'Engineering', 'Biology', 'Physics', 'Economics', 'Artificial intelligence', 'Programming language', 'Quantum mechanics', 'Philosophy', 'Psychology', 'Statistics', 'Medicine', 'Operating system', 'Political science', 'Law', 'Geography', 'Business']","[75.5, 63.1, 45.8, 42.8, 42.6, 40.8, 36.4, 31.1, 30.1, 29.9, 28.4, 27.2, 27.1, 26.5, 25.7, 24.7, 21.8, 20.3]",[]
Collegio Carlo Alberto,Collegio Carlo Alberto,http://www.carloalberto.org/,[],,Italy,Moncalieri,"['Economics', 'Mathematics', 'Computer science', 'Political science', 'Law', 'Business', 'Physics', 'Philosophy', 'Biology', 'Statistics', 'Sociology', 'Engineering', 'Quantum mechanics', 'Geography', 'Finance', 'Psychology', 'Macroeconomics', 'Artificial intelligence', 'Medicine', 'Microeconomics', 'Econometrics', 'Epistemology']","[73.3, 58.0, 53.7, 49.7, 46.8, 44.9, 39.8, 34.7, 33.4, 30.4, 28.6, 28.3, 26.4, 25.5, 25.2, 22.7, 22.6, 22.1, 21.6, 21.6, 21.4, 20.8]",[]
Foro Italico University of Rome,Università degli Studi di Roma Foro Italico,http://www.uniroma4.it/,['University Institute of Motor Sciences'],https://upload.wikimedia.org/wikipedia/commons/6/61/University_of_Rome_Foro_Italico_in_2018.04.jpg,Italy,Rome,"['Medicine', 'Biology', 'Psychology', 'Internal medicine', 'Physical therapy', 'Pathology', 'Endocrinology', 'Chemistry', 'Physics', 'Psychiatry', 'Computer science', 'Mathematics', 'Biochemistry', 'Neuroscience', 'Physical medicine and rehabilitation', 'Genetics', 'Engineering', 'Anatomy', 'Surgery']","[88.9, 81.4, 54.9, 54.5, 39.2, 36.3, 34.8, 34.0, 31.6, 31.2, 31.1, 28.8, 28.2, 25.9, 25.7, 25.1, 23.1, 20.4, 20.2]",[]
Università Iuav di Venezia,Università IUAV di Venezia,http://www.iuav.it/homepage/,[],https://upload.wikimedia.org/wikipedia/commons/1/1e/IUAV-DSC_0204w.jpg,Italy,Venice,"['Computer science', 'Engineering', 'Geography', 'Biology', 'Physics', 'Mathematics', 'History', 'Geology', 'Archaeology', 'Philosophy', 'Economics', 'Political science', 'Quantum mechanics', 'Ecology', 'Art', 'Law', 'Materials science']","[51.8, 51.4, 50.2, 46.7, 42.3, 40.6, 36.7, 36.2, 34.0, 31.8, 28.1, 27.6, 26.0, 25.3, 24.8, 24.8, 23.1]",[]
Università degli Studi di Enna Kore,Università Kore di Enna,http://www.unikore.it/,['Kore University of Enna'],,Italy,Enna,"['Computer science', 'Biology', 'Engineering', 'Physics', 'Mathematics', 'Psychology', 'Medicine', 'Philosophy', 'Quantum mechanics', 'Geography', 'Political science', 'Economics', 'Law', 'Chemistry', 'Geology', 'Social psychology', 'Thermodynamics']","[51.9, 49.4, 46.8, 44.1, 42.6, 40.5, 35.2, 30.7, 28.3, 28.1, 27.8, 27.2, 26.6, 23.7, 23.2, 21.5, 20.7]",[]
Istituto di Matematica Applicata e Tecnologie Informatiche,,http://www.imati.cnr.it/,[],,Italy,Pavia,"['Mathematics', 'Computer science', 'Physics', 'Engineering', 'Mathematical analysis', 'Quantum mechanics', 'Artificial intelligence', 'Philosophy', 'Biology', 'Geometry', 'Pure mathematics', 'Programming language', 'Thermodynamics']","[77.5, 66.2, 53.0, 44.1, 38.2, 36.6, 31.7, 31.6, 28.4, 27.3, 25.5, 25.1, 20.2]",['National Research Council']
Libera Università Maria SS. Assunta,Libera Università Maria Santissima Assunta,http://www.lumsa.it/en,"['Università LUMSA', 'Istituto Superiore di Magistero Maria Ss. Assunta']",https://upload.wikimedia.org/wikipedia/commons/6/6d/Sede_traspontina.jpg,Italy,Rome,"['Psychology', 'Medicine', 'Biology', 'Political science', 'Law', 'Computer science', 'Economics', 'Philosophy', 'Mathematics', 'Sociology', 'Business', 'Social psychology', 'Psychiatry', 'Physics', 'Statistics', 'Internal medicine', 'Epistemology']","[52.7, 49.5, 45.9, 45.3, 42.2, 41.5, 41.5, 37.8, 35.3, 35.1, 28.7, 25.3, 24.9, 23.9, 23.1, 20.5, 20.2]",[]
University of Naples - L'Orientale,"Università degli Studi di Napoli ""L'Orientale""",http://www.unior.it/,[],https://upload.wikimedia.org/wikipedia/en/d/d1/M_Ripa.gif,Italy,Naples,"['Philosophy', 'Art', 'History', 'Political science', 'Geography', 'Law', 'Computer science', 'Archaeology', 'Sociology', 'Linguistics', 'Economics', 'Humanities', 'Biology', 'Mathematics']","[60.6, 51.4, 44.4, 43.8, 39.9, 38.5, 34.8, 31.7, 29.2, 27.7, 25.4, 24.6, 24.2, 22.2]",[]
Gran Sasso Science Institute,,http://www.gssi.infn.it/,[],,Italy,L’Aquila,"['Computer science', 'Physics', 'Mathematics', 'Engineering', 'Quantum mechanics', 'Economics', 'Biology', 'Geography', 'Programming language', 'Philosophy', 'Political science', 'Operating system', 'Mathematical analysis', 'Artificial intelligence', 'Law', 'Thermodynamics']","[68.5, 59.9, 59.3, 52.9, 48.3, 30.3, 29.2, 26.9, 25.9, 23.4, 23.4, 22.9, 22.7, 21.6, 20.7, 20.1]",['National Institute for Nuclear Physics']
Istituto Universitario di Studi Superiori di Pavia,Istituto Universitario di Studi Superiori,http://www.iusspavia.it/,[],,Italy,Pavia,"['Computer science', 'Physics', 'Biology', 'Engineering', 'Mathematics', 'Geology', 'Medicine', 'Quantum mechanics', 'Psychology', 'Geography', 'Chemistry', 'Philosophy', 'Structural engineering', 'Materials science', 'History', 'Civil engineering']","[56.2, 55.2, 49.4, 49.3, 39.9, 39.3, 38.1, 35.1, 33.0, 28.8, 27.8, 27.7, 26.1, 21.3, 20.3, 20.1]",[]
IULM University,Libera Università di Lingue e Comunicazione IULM,https://www.iulm.it/,['University Institute for Modern Languages'],https://upload.wikimedia.org/wikipedia/en/2/2a/IULM_University_of_Milan_logo.jpg,Italy,Milan,"['Philosophy', 'Political science', 'Computer science', 'Law', 'Economics', 'Art', 'Business', 'Biology', 'Psychology', 'Sociology', 'Mathematics', 'History', 'Geography', 'Physics', 'Archaeology', 'Epistemology', 'Medicine', 'Linguistics', 'Marketing']","[52.1, 50.0, 48.6, 44.6, 39.6, 39.2, 37.4, 35.1, 35.0, 35.0, 33.2, 31.2, 30.8, 25.2, 24.5, 23.5, 22.8, 20.8, 20.4]",[]
Università degli Studi eCampus,Università degli Studi eCampus,https://www.uniecampus.it,['eCampus University'],,Italy,Novedrate,"['Biology', 'Engineering', 'Computer science', 'Physics', 'Mathematics', 'Medicine', 'Psychology', 'Quantum mechanics', 'Geography', 'Economics', 'Thermodynamics', 'Internal medicine', 'Geology', 'Chemistry', 'Materials science', 'Political science', 'Law', 'Philosophy', 'Operating system']","[54.4, 54.3, 52.4, 48.5, 47.3, 44.0, 36.8, 32.8, 28.1, 28.0, 27.5, 26.0, 24.4, 23.8, 23.1, 22.7, 21.5, 20.8, 20.3]",[]
University Carlo Cattaneo,Università Carlo Cattaneo,http://en.liuc.it/,['Carlo Cattaneo University'],https://upload.wikimedia.org/wikipedia/commons/a/a0/Castellanza_LIUC.jpg,Italy,Castellanza,"['Economics', 'Computer science', 'Business', 'Political science', 'Mathematics', 'Law', 'Engineering', 'Biology', 'Philosophy', 'Physics', 'Marketing', 'Medicine', 'Statistics', 'Management', 'Programming language', 'Sociology', 'Operating system', 'Psychology', 'Geography', 'Quantum mechanics', 'Finance']","[66.2, 63.7, 55.0, 48.7, 47.5, 46.1, 45.5, 44.1, 30.7, 30.7, 30.4, 28.0, 27.2, 26.6, 24.1, 22.0, 21.6, 21.5, 21.1, 20.4, 20.1]",[]
National Interuniversity Consortium of Materials Science and Technology,,http://www.instm.it/en/instm.aspx,[],,Italy,Florence,"['Chemistry', 'Organic chemistry', 'Materials science', 'Physics', 'Engineering', 'Biology', 'Quantum mechanics', 'Composite material', 'Chemical engineering', 'Biochemistry', 'Nanotechnology', 'Metallurgy', 'Geology', 'Nuclear magnetic resonance', 'Medicine', 'Computer science', 'Genetics', 'Thermodynamics', 'Optics', 'Physical chemistry', 'Mathematics']","[92.2, 83.3, 81.8, 78.4, 71.5, 70.4, 59.4, 57.9, 53.8, 46.1, 43.6, 40.6, 30.0, 28.3, 26.6, 25.9, 25.7, 25.3, 24.0, 24.0, 21.1]",[]
Pontifical University of the Holy Cross,Pontificia Università della Santa Croce,http://en.pusc.it/,['Pontificia Universitas Sanctae Crucis'],https://upload.wikimedia.org/wikipedia/commons/7/71/LogoSantaCroce.png,Italy,Rome,"['Philosophy', 'Political science', 'Art', 'Law', 'Computer science', 'Sociology', 'Humanities', 'Epistemology', 'Theology', 'Biology', 'Psychology']","[62.0, 42.7, 42.1, 35.0, 30.6, 29.9, 27.6, 24.7, 23.0, 21.6, 21.0]",[]
Pontifical Gregorian University,Pontificia Università Gregoriana,http://www.unigre.it/newbiblio/index_en.php,['Gregorianum'],https://upload.wikimedia.org/wikipedia/commons/8/86/Stemma_della_Gregoriana.svg,Italy,Rome,"['Philosophy', 'Art', 'Political science', 'Humanities', 'Theology', 'Law', 'Computer science', 'History', 'Sociology', 'Epistemology']","[69.0, 49.8, 34.8, 30.9, 29.7, 29.2, 25.1, 24.4, 23.8, 21.8]",['Pedro Francisco Bono Institute']
Università degli Studi Suor Orsola Benincasa,Università degli Studi Suor Orsola Benincasa,http://www.unisob.na.it/,[],,Italy,Naples,"['Philosophy', 'Art', 'Biology', 'Psychology', 'Political science', 'Computer science', 'Law', 'Medicine', 'Humanities', 'Sociology', 'Economics', 'Geography', 'Physics', 'History']","[53.9, 43.0, 39.9, 38.1, 36.5, 35.7, 30.0, 29.4, 27.3, 25.9, 24.7, 24.2, 22.2, 21.8]",[]
University of Aosta Valley,,https://www.univda.it/,[],https://upload.wikimedia.org/wikipedia/en/c/cf/Aosta_Valley_Uni.png,Italy,Aosta,"['Psychology', 'Biology', 'Philosophy', 'Medicine', 'Computer science', 'Mathematics', 'Political science', 'Sociology', 'Economics', 'Law', 'Physics', 'Geography', 'Art', 'Business']","[43.7, 43.7, 41.4, 40.6, 38.4, 35.9, 35.9, 32.9, 32.5, 32.5, 31.0, 26.3, 25.3, 21.6]",[]
